model,mae,rmse,r2
ridge,4338.825642917291,9074.043972842124,0.9961570634764971
random_forest,4965.683140073547,26039.155043905415,0.9683542620895123
xgboost,5215.094061848192,29427.630261824444,0.9595822592862483
