model,accuracy,precision,recall,f1,roc_auc
logistic,0.6454545454545455,0.5384615384615384,0.5,0.5185185185185185,0.6929271708683473
random_forest,0.6909090909090909,0.625,0.47619047619047616,0.5405405405405406,0.8146008403361344
xgboost,0.7090909090909091,0.625,0.5952380952380952,0.6097560975609756,0.7958683473389356
mlp,0.5636363636363636,0.125,0.023809523809523808,0.04,0.3413865546218488
