{
  "accuracy": 0.6454545454545455,
  "precision": 0.5384615384615384,
  "recall": 0.5,
  "f1": 0.5185185185185185,
  "roc_auc": 0.6929271708683473
}