{
  "accuracy": 0.5636363636363636,
  "precision": 0.125,
  "recall": 0.023809523809523808,
  "f1": 0.04,
  "roc_auc": 0.3413865546218488
}