{
  "accuracy": 0.6909090909090909,
  "precision": 0.625,
  "recall": 0.47619047619047616,
  "f1": 0.5405405405405406,
  "roc_auc": 0.8146008403361344
}