{
  "mae": 4965.683140073547,
  "rmse": 26039.155043905415,
  "r2": 0.9683542620895123
}