{
  "mae": 4338.825642917291,
  "rmse": 9074.043972842124,
  "r2": 0.9961570634764971
}