{
  "accuracy": 0.7090909090909091,
  "precision": 0.625,
  "recall": 0.5952380952380952,
  "f1": 0.6097560975609756,
  "roc_auc": 0.7958683473389356
}