{
  "mae": 5215.094061848192,
  "rmse": 29427.630261824444,
  "r2": 0.9595822592862483
}